date,vehicle,plate,fuel_type,fuel_product,price_per_l,liters,amount,odometer_km,odometer_note,station
2025-10-21,รถตู้,ยจ746,benzine,Gasohol 91,32.42,46.268,1500.00,,no odometer photo,ปิยะพรเจริญกิจ แม่สาย
2025-12-17,รถตู้,ยจ746,benzine,Gasohol 95,32.79,45.746,1500.00,285519,,ปิยะพรเจริญกิจ แม่สาย
2026-01-08,รถตู้,ยจ746,benzine,Gasohol 95,32.29,46.454,1500.00,,286551 photo may belong to this fill or 2026-02-11,ปิยะพรเจริญกิจ แม่สาย
2026-02-11,รถตู้,ยจ746,benzine,Gasohol 95,31.79,31.456,1000.00,286551,photo order ambiguous (see 2026-01-08),ปิยะพรเจริญกิจ แม่สาย
2026-04-20,รถตู้,ยจ746,benzine,Gasohol 95,43.34,34.610,1500.00,286871,glare - reading uncertain,ปิยะพรเจริญกิจ แม่สาย
2026-05-22,รถตู้,ยจ746,benzine,Gasohol 95,45.79,43.678,2000.00,287166,,ปิยะพรเจริญกิจ แม่สาย
2026-06-11,รถตู้,ยจ746,benzine,Gasohol 95,43.96,22.750,1000.00,287440,,ปิ่นพัฒนโชติ ออย แม่จัน
2026-06-29,รถตู้,ยจ746,benzine,Gasohol 95,38.99,12.824,500.00,287691,,เชียงแสนเอ็นเนอร์จี
2026-08-03,รถตู้,ยจ746,benzine,,,,1000.00,,bank slip only - no tax invoice or odometer photo,ปิยะพรเจริญกิจ แม่สาย
2026-09-08,รถตู้,ยจ746,benzine,Gasohol 91,38.86,12.867,500.00,288085,,ปิยะพรเจริญกิจ แม่สาย
2025-03-28,Revo,ยต9797,diesel,PT Max Diesel,33.35,29.99,1000.00,133264,handwritten on receipt,PT แม่จัน5
2025-03-31,Revo,ยต9797,diesel,PT Max Diesel,33.35,29.99,1000.00,133538,handwritten on receipt; plate printed ยค7979,PT แม่จัน
2025-04-04,Revo,ยต9797,diesel,PT Max Diesel,32.79,30.50,1000.00,133928,handwritten on receipt,PT เชียงราย5
2025-04-09,Revo,ยต9797,diesel,Hi Diesel S B7,32.85,30.44,1000.00,134334,handwritten on receipt,ชาญสกุลปิโตรเลียม แม่จัน
2025-04-20,Revo,ยต9797,diesel,Hi Diesel S B7,32.85,30.44,1000.00,135129,handwritten on receipt,ชาญสกุลปิโตรเลียม แม่จัน
2025-04-30,Revo,ยต9797,diesel,PT Max Gasohol 95,33.70,29.67,985.00,135860,ANOMALY: gasohol 95 on a diesel vehicle's tax invoice - verify; handwritten km,PT ถ.เลี่ยงเมืองเชียงราย
2025-05-07,Revo,ยต9797,diesel,PT Max Diesel,32.85,60.88,2000.00,136235,handwritten on receipt; plate printed ยต7979,PT ดอยตุง
2025-05-13,Revo,ยต9797,diesel,PT Max Diesel,32.85,30.44,1000.00,136969,handwritten on receipt,PT แม่จัน
2025-05-16,Revo,ยต9797,diesel,PT Max Diesel,32.88,30.41,1000.00,137347,handwritten on receipt; plate printed ยต-7979,PT แม่สาย
2025-05-24,Revo,ยต9797,diesel,Diesel,32.88,30.414,1000.00,138126,handwritten on receipt,ปิยะพรเจริญกิจ แม่สาย
2025-05-29,Revo,ยต9797,diesel,Diesel,32.88,30.414,1000.00,138421,dash photo (paired by album order),ปิยะพรเจริญกิจ แม่สาย
2025-06-04,Revo,ยต9797,diesel,Diesel,32.79,30.497,1000.00,138804,handwritten + dash photo agree,มิสตางค์ สเตชั่น เชียงราย
2025-06-09,Revo,ยต9797,diesel,Diesel,32.85,67.880,2230.00,139162,handwritten + dash photo agree,ปิ่นพัฒนโชติ ออย แม่จัน
2025-06-19,Revo,ยต9797,diesel,Diesel,32.88,60.827,2000.00,139994,handwritten on receipt,ปิยะพรเจริญกิจ แม่สาย
2025-06-26,Revo,ยต9797,diesel,PT Max Diesel,32.78,61.01,2000.00,140724,dash photo (paired by album order),PT เวียงป่าเป้า3
2025-07-07,Revo,ยต9797,diesel,PT Max Diesel,32.88,60.83,2000.00,,no odometer reading,PT แม่สาย
2025-07-15,Revo,ยต9797,diesel,Caltex Diesel B7,32.78,30.51,1000.00,,no odometer reading,Caltex เวียงป่าเป้า
2025-07-18,Revo,ยต9797,diesel,Diesel,32.85,30.440,1000.00,142232,dash photo (paired by album order),ปิ่นพัฒนโชติ ออย แม่จัน
2025-08-14,Revo,ยต9797,diesel,Diesel,32.93,60.735,2000.00,143996,dash photo (paired by album order),เชียงแสนเอ็นเนอร์จี
2025-09-19,Revo,ยต9797,diesel,Diesel,32.79,47.800,1567.40,,no odometer reading,ไพบูลย์สุวรรณ เชียงราย
2025-10-27,Revo,ยต9797,diesel,Diesel,31.88,53.325,1700.00,,no odometer reading,ปิยะพรเจริญกิจ แม่สาย
2025-11-20,Revo,ยต9797,diesel,Diesel,31.88,65.872,2100.00,,plate printed ยต7979; no odometer reading,ปิยะพรเจริญกิจ แม่สาย
2025-12-19,Revo,ยต9797,diesel,Diesel,31.79,47.185,1500.00,,dash photo shows 1488xx (last digits unreadable),เชียงราย (ชื่อปั๊มอ่านไม่ชัด)
2026-01-26,Revo,ยต9797,diesel,Diesel,30.79,48.717,1500.00,,no odometer reading,ทีเอ็นดับเบิลยู ปิโตร เชียงราย
2026-03-28,Revo,ยต9797,diesel,ดีเซลหมุนเร็ว,40.18,24.89,1000.00,154976,two receipts same day (M269000562 + M269000567); dash photo,ยอดเหนือปิโตรเลียม แม่สาย
2026-03-28,Revo,ยต9797,diesel,ดีเซลหมุนเร็ว,40.18,24.89,1000.00,,second receipt same day - verify not a duplicate,ยอดเหนือปิโตรเลียม แม่สาย
2026-04-12,Revo,ยต9797,diesel,Diesel,45.36,33.070,1500.00,,no odometer reading,ปิยะพงศ์ปิโตรเลียม เชียงใหม่
2026-04-30,Revo,ยต9797,diesel,Diesel,41.09,48.674,2000.00,,no odometer reading,ปิยะพรเจริญกิจ แม่สาย
2026-05-12,Revo,ยต9797,diesel,Diesel,40.84,48.972,2000.00,,dash 157281/158499 near here but pairing ambiguous,ปิยะพรเจริญกิจ แม่สาย
2026-05-21,Revo,ยต9797,diesel,Diesel,43.09,46.414,2000.00,,dash 157281/158499 near here but pairing ambiguous,ปิยะพรเจริญกิจ แม่สาย
2026-06-05,Revo,ยต9797,diesel,Diesel,42.36,35.410,1500.00,,dash 159733 near here but pairing ambiguous,ปิ่นพัฒนโชติ ออย แม่จัน
2026-06-13,Revo,ยต9797,diesel,Diesel,40.69,49.152,2000.00,,dash 159733 near here but pairing ambiguous,ปิยะพรเจริญกิจ แม่สาย
2026-06-19,Revo,ยต9797,diesel,Diesel,38.39,52.097,2000.00,,no odometer reading,ปิยะพรเจริญกิจ แม่สาย
2026-07-06,Revo,ยต9797,diesel,Diesel,38.39,52.097,2000.00,,dash 161557 belongs to 07-06 or 07-14,ปิยะพรเจริญกิจ แม่สาย
2026-07-14,Revo,ยต9797,diesel,Diesel,35.88,55.741,2000.00,,dash 161557/162259 pairing ambiguous,ปิยะพรเจริญกิจ แม่สาย
2026-07-31,Revo,ยต9797,diesel,Diesel,37.63,39.862,1500.00,,dash 162259 belongs to 07-14 or 07-31,ปิยะพรเจริญกิจ แม่สาย
2026-08-17,Revo,ยต9797,diesel,,,,1000.00,,bank slip only - no tax invoice photo,ปิ่นพัฒนโชติ ออย แม่จัน
2026-09-02,Revo,ยต9797,diesel,Diesel,40.05,49.940,2000.00,164252,dash photo (paired by album order),ปิ่นพัฒนโชติ ออย แม่จัน
2026-09-12,Revo,ยต9797,diesel,,,,1500.00,,bank slip only - no tax invoice photo,ปิยะพรเจริญกิจ แม่สาย
2026-09-25,Revo,ยต9797,diesel,Diesel,42.38,47.192,2000.00,165903,paid cash (not in bank ledger); dash photo,ปิยะพรเจริญกิจ แม่สาย
2026-02-03,Dmax,ยจ8629,diesel,Diesel,30.85,64.830,2000.00,,found in the Revo album,ปิ่นพัฒนโชติ ออย แม่จัน
2025-06-30,Vigo,ผจ7222,diesel,Hi Diesel S,32.88,68.43,2250.00,313858,dash photo (paired by album order),สกก.แม่สาย
2025-07-23,Vigo,ผจ7222,diesel,PT Max Diesel,32.88,60.83,2000.00,,plate printed ผต7222,PT แม่สาย
2025-08-05,Vigo,ผจ7222,diesel,Diesel,32.88,60.827,2000.00,,,ปิยะพรเจริญกิจ แม่สาย
2025-08-15,Vigo,ผจ7222,diesel,Diesel,32.93,60.735,2000.00,,,เชียงแสนเอ็นเนอร์จี
2025-09-03,Vigo,ผจ7222,diesel,PT Max Diesel,32.79,60.99,2000.00,,,PT เชียงราย5
2025-09-18,Vigo,ผจ7222,diesel,Diesel,32.93,60.735,2000.00,,,เชียงแสนเอ็นเนอร์จี
2025-10-09,Vigo,ผจ7222,diesel,Diesel,32.29,61.938,2000.00,,,เคยูออยล์ เชียงราย
2025-10-21,Vigo,ผจ7222,diesel,Diesel,31.88,62.735,2000.00,,,ปิยะพรเจริญกิจ แม่สาย
2025-10-28,Vigo,ผจ7222,diesel,Diesel,31.93,62.637,2000.00,,,เชียงแสนเอ็นเนอร์จี
2025-11-05,Vigo,ผจ7222,diesel,Diesel,31.88,62.735,2000.00,,TAX INVOICE ISSUED TO ANOTHER COMPANY (หจก.ราภาสา 0503539000408),ปิยะพรเจริญกิจ แม่สาย
2025-11-11,Vigo,ผจ7222,diesel,Diesel,31.93,62.637,2000.00,,,เชียงแสนเอ็นเนอร์จี
2025-11-20,Vigo,ผจ7222,diesel,Diesel,31.85,62.790,2000.00,,,ปิ่นพัฒนโชติ ออย แม่จัน
2025-12-02,Vigo,ผจ7222,diesel,Diesel,31.88,47.051,1500.00,,,ปิยะพรเจริญกิจ แม่สาย
2025-12-11,Vigo,ผจ7222,diesel,Diesel,31.79,47.180,1500.00,,,ไพบูลย์สุวรรณ เชียงราย
2025-12-16,Vigo,ผจ7222,diesel,Diesel,31.85,62.790,2000.00,,,ปิ่นพัฒนโชติ ออย แม่จัน
2025-12-30,Vigo,ผจ7222,diesel,Diesel,31.29,47.939,1500.00,,TAX INVOICE ISSUED TO ANOTHER COMPANY (หจก.ราภาสา 0503539000408),พระแท่นบริการ เชียงราย
2026-01-08,Vigo,ผจ7222,diesel,Diesel,31.29,63.918,2000.00,,,พระแท่นบริการ เชียงราย
2026-01-14,Vigo,ผจ7222,diesel,Diesel,30.88,48.575,1500.00,,,ปิยะพรเจริญกิจ แม่สาย
2026-01-21,Vigo,ผจ7222,diesel,Diesel,30.93,48.497,1500.00,,,เชียงแสนเอ็นเนอร์จี
2026-02-05,Vigo,ผจ7222,diesel,Diesel,30.79,48.717,1500.00,,,ทีเอ็นดับเบิลยู ปิโตร เชียงราย
2026-02-16,Vigo,ผจ7222,diesel,Diesel,30.85,48.620,1500.00,,,ปิ่นพัฒนโชติ ออย แม่จัน
2026-02-25,Vigo,ผจ7222,diesel,Diesel,30.75,48.780,1500.00,,,พีดับเบิ้ลยู สเตชั่น ป่าแดด
2026-03-02,Vigo,ผจ7222,diesel,Diesel,30.85,48.620,1500.00,,,ปิ่นพัฒนโชติ ออย แม่จัน
2026-03-17,Vigo,ผจ7222,diesel,Diesel,30.79,16.239,500.00,,3 fills in 56 min at 3 stations (12:02),ปิยะอัคร เอนเนอร์จี เชียงราย
2026-03-17,Vigo,ผจ7222,diesel,Diesel,30.79,16.240,500.00,,3 fills in 56 min at 3 stations (12:20),ไพบูลย์สุวรรณ เชียงราย
2026-03-17,Vigo,ผจ7222,diesel,Diesel,30.85,16.210,500.00,,3 fills in 56 min at 3 stations (12:58),ปิ่นพัฒนโชติ ออย แม่จัน
2026-03-23,Vigo,ผจ7222,diesel,ดีเซลหมุนเร็ว,32.28,15.49,500.00,,paid cash,ยอดเหนือปิโตรเลียม ป่ายาง แม่สาย
2026-03-24,Vigo,ผจ7222,diesel,Diesel,33.78,14.800,500.00,,TAX INVOICE ISSUED TO ANOTHER COMPANY (หจก.ราภาสา 0503539000408),เชียงรายกิตติรัตน์ เวียงป่าเป้า
2026-03-25,Vigo,ผจ7222,diesel,PT Max Diesel B7,33.79,14.80,500.00,,handwritten bill without plate; liters/amount match the 03-24 fill - verify not a duplicate claim,ฤทธิ์อนันต์ ปิโตรเลียม แม่สรวย
2026-03-27,Vigo,ผจ7222,diesel,PT Max Diesel,39.85,39.15,1540.00,,no plate printed on receipt,PT แม่จัน8
2026-04-21,Vigo,ผจ7222,diesel,Diesel,42.50,47.059,2000.00,,,ปิยะอัคร เอนเนอร์จี เชียงราย
2026-04-30,Vigo,ผจ7222,diesel,Diesel,40.97,48.816,2000.00,,,หลักรุ่งทรัพย์ พาน
2026-05-09,Vigo,ผจ7222,diesel,Diesel,40.84,48.972,2000.00,,,ปิยะพรเจริญกิจ แม่สาย
2026-05-20,Vigo,ผจ7222,diesel,Diesel,43.18,46.320,2000.00,,,เชียงของเอ็นเนอร์จี999
2026-05-23,Vigo,ผจ7222,diesel,Diesel,43.14,46.361,2000.00,,,เชียงแสนเอ็นเนอร์จี
2026-05-28,Vigo,ผจ7222,diesel,Diesel,41.98,47.642,2000.00,335857,dash photo (paired by album order),ทุ่นแสงเอเซอร์วิส พะเยา
2026-06-06,Vigo,ผจ7222,diesel,Diesel,41.69,47.973,2000.00,,,ปิยะพรเจริญกิจ แม่สาย
2026-06-22,Vigo,ผจ7222,diesel,Diesel,38.48,51.980,2000.00,,,เชียงของเอ็นเนอร์จี999
2026-06-30,Vigo,ผจ7222,diesel,Diesel,38.25,52.288,2000.00,,,OR ดอยสะเก็ด
2026-07-06,Vigo,ผจ7222,diesel,Diesel,38.26,52.274,2000.00,,dash 33773x (last digit unclear),พีดับเบิ้ลยู สเตชั่น ป่าแดด
2026-07-23,Vigo,ผจ7222,diesel,Diesel,37.54,53.277,2000.00,,,มิสตางค์ สเตชั่น เชียงราย
2026-07-27,Vigo,ผจ7222,diesel,,,,2000.00,,bank slip only (reimbursement) - no tax invoice photo,
2026-08-03,Vigo,ผจ7222,diesel,Diesel,37.63,53.149,2000.00,339112,dash photo (paired by album order); not in bank ledger,ปิยะพรเจริญกิจ แม่สาย
2026-08-13,Vigo,ผจ7222,diesel,Diesel,38.45,52.010,2000.00,,,ปิ่นพัฒนโชติ ออย แม่จัน
2026-08-19,Vigo,ผจ7222,diesel,Diesel,39.24,50.970,1950.00,,50 baht discount,ไพบูลย์สุวรรณ เชียงราย
2026-08-24,Vigo,ผจ7222,diesel,Diesel,39.24,50.968,2000.00,,paid by credit card; not in bank ledger,ดับเบิ้ล นายน์ สเตชั่น เชียงราย
2026-08-27,Vigo,ผจ7222,diesel,Diesel,39.17,51.060,2000.00,,not in bank ledger,เคทีที กรุ๊ป2019 เชียงม่วน พะเยา
2026-09-02,Vigo,ผจ7222,diesel,Diesel,40.05,49.940,2000.00,,,ปิ่นพัฒนโชติ ออย แม่จัน
2026-09-04,Vigo,ผจ7222,diesel,Diesel,40.08,49.900,2000.00,,,ปิยะพรเจริญกิจ แม่สาย
2026-09-14,Vigo,ผจ7222,diesel,Diesel,40.75,49.080,2000.00,343453,dash photo (paired by album order); not in bank ledger,ปิ่นพัฒนโชติ ออย แม่จัน
2026-09-17,Vigo,ผจ7222,diesel,Diesel,41.54,24.070,1000.00,343993,dash photo (paired by album order); not in bank ledger,แม่สรวยปิโตรเลียม แม่สรวย
2026-09-30,Vigo,ผจ7222,diesel,Diesel,42.38,47.192,2000.00,344683,paid by credit card; not in bank ledger,ปิยะพรเจริญกิจ แม่สาย
2025-08-23,Revo,ยต9797,diesel,Diesel,32.88,60.827,2000.00,,found in the Vigo album,ปิยะพรเจริญกิจ แม่สาย
2025-10-16,Revo,ยต9797,diesel,Diesel,32.35,61.820,2000.00,,found in the Vigo album,ปิ่นพัฒนโชติ ออย แม่จัน
2025-07-26,Dmax,ยจ8629,diesel,Hi Diesel S,32.88,54.74,1800.00,151327,dash photo (paired by album order),สกก.แม่สาย
2025-07-31,Dmax,ยจ8629,diesel,Hi Diesel S,32.88,35.28,1160.00,151741,dash photo (paired by album order),สกก.แม่สาย
2025-08-14,Dmax,ยจ8629,diesel,Hi Diesel S,32.88,39.54,1300.00,,,สกก.แม่สาย
2025-09-04,Dmax,ยจ8629,diesel,Hi Diesel S,32.88,48.66,1600.00,,,สกก.แม่สาย
2025-09-18,Dmax,ยจ8629,diesel,Hi Diesel S,32.88,51.09,1680.00,,,สกก.แม่สาย
2025-09-26,Dmax,ยจ8629,diesel,Diesel,32.88,50.791,1670.00,,,ปิยะพรเจริญกิจ แม่สาย
2025-10-11,Dmax,ยจ8629,diesel,Diesel,32.38,47.869,1550.00,,,ปิยะพรเจริญกิจ แม่สาย
2025-10-24,Dmax,ยจ8629,diesel,Diesel,31.88,50.816,1620.00,,WRONG PLATE printed ยก7979 (filed in Dmax album),ปิยะพรเจริญกิจ แม่สาย
2025-11-03,Dmax,ยจ8629,diesel,Diesel,31.85,46.150,1470.00,,,ปิ่นพัฒนโชติ ออย แม่จัน
2025-11-10,Dmax,ยจ8629,diesel,Diesel,31.88,52.070,1660.00,,,ปิยะพรเจริญกิจ แม่สาย
2025-11-20,Dmax,ยจ8629,diesel,Diesel,31.85,50.230,1600.00,,,ปิ่นพัฒนโชติ ออย แม่จัน
2025-12-02,Dmax,ยจ8629,diesel,Diesel,31.88,47.051,1500.00,,,ปิยะพรเจริญกิจ แม่สาย
2025-12-19,Dmax,ยจ8629,diesel,Diesel,31.88,47.051,1500.00,,,ปิยะพรเจริญกิจ แม่สาย
2025-12-29,Dmax,ยจ8629,diesel,Diesel,31.38,47.801,1500.00,,,ปิยะพรเจริญกิจ แม่สาย
2026-01-09,Dmax,ยจ8629,diesel,Diesel,30.79,48.717,1500.00,,,ปิยะอัคร เอนเนอร์จี เชียงราย
2026-01-16,Dmax,ยจ8629,diesel,Diesel,30.88,48.575,1500.00,,,ปิยะพรเจริญกิจ แม่สาย
2026-01-27,Dmax,ยจ8629,diesel,Diesel,30.88,32.383,1000.00,,,ปิยะพรเจริญกิจ แม่สาย
2026-02-05,Dmax,ยจ8629,diesel,Diesel,30.88,48.575,1500.00,,,ปิยะพรเจริญกิจ แม่สาย
2026-02-13,Dmax,ยจ8629,diesel,Diesel,30.85,48.620,1500.00,,,ปิ่นพัฒนโชติ ออย แม่จัน
2026-02-23,Dmax,ยจ8629,diesel,Diesel,30.88,48.575,1500.00,,,ปิยะพรเจริญกิจ แม่สาย
2026-03-02,Dmax,ยจ8629,diesel,Diesel,30.88,48.575,1500.00,,,ปิยะพรเจริญกิจ แม่สาย
2026-03-17,Dmax,ยจ8629,diesel,Diesel,30.85,16.210,500.00,,two 500-baht fills same station same day (13:43),ปิ่นพัฒนโชติ ออย แม่จัน
2026-03-17,Dmax,ยจ8629,diesel,Diesel,30.85,16.210,500.00,,two 500-baht fills same station same day (15:47),ปิ่นพัฒนโชติ ออย แม่จัน
2026-03-18,Dmax,ยจ8629,diesel,Diesel,30.88,30.44,940.00,,,PT แม่สาย
2026-03-28,Dmax,ยจ8629,diesel,ดีเซลหมุนเร็ว,40.18,24.89,1000.00,,receipt M269000565 (Revo got 562/567 same day),ยอดเหนือปิโตรเลียม แม่สาย
2026-04-05,Dmax,ยจ8629,diesel,Diesel,51.48,47.397,2440.00,,highest price seen (51.48 baht/L),ปิยะพรเจริญกิจ แม่สาย
2026-04-22,Dmax,ยจ8629,diesel,Diesel,42.56,46.990,2000.00,,,ปิ่นพัฒนโชติ ออย แม่จัน
2026-05-05,Dmax,ยจ8629,diesel,Diesel,41.69,47.973,2000.00,,,ปิยะพรเจริญกิจ แม่สาย
2026-05-13,Dmax,ยจ8629,diesel,Diesel,41.64,48.030,2000.00,,,ปิยะพรเจริญกิจ สาขาโป่งงาม
2026-05-26,Dmax,ยจ8629,diesel,Diesel,42.09,56.308,2370.00,,,ปิยะพรเจริญกิจ แม่สาย
2026-06-07,Dmax,ยจ8629,diesel,Diesel,41.69,51.091,2130.00,,,ปิยะพรเจริญกิจ แม่สาย
2026-06-18,Dmax,ยจ8629,diesel,Diesel,39.69,50.391,2000.00,,,ปิยะพรเจริญกิจ แม่สาย
2026-07-01,Dmax,ยจ8629,diesel,Diesel,38.39,52.097,2000.00,,,ปิยะพรเจริญกิจ แม่สาย
2026-07-11,Dmax,ยจ8629,diesel,Diesel,35.88,50.167,1800.00,,,ปิยะพรเจริญกิจ แม่สาย
2026-07-22,Dmax,ยจ8629,diesel,Diesel,36.73,54.451,2000.00,,matches the 07-22 bank reimbursement memo'd as Vigo - vehicle mislabeled in ledger,ปิยะพรเจริญกิจ แม่สาย
2026-08-03,Dmax,ยจ8629,diesel,Diesel,37.63,48.631,1830.00,,,ปิยะพรเจริญกิจ แม่สาย
2026-08-11,Dmax,ยจ8629,diesel,Diesel,37.63,45.177,1700.00,,,ปิยะพรเจริญกิจ แม่สาย
2026-08-22,Dmax,ยจ8629,diesel,Diesel,39.33,25.426,1000.00,,paid by credit card,ปิยะพรเจริญกิจ แม่สาย
2026-08-27,Dmax,ยจ8629,diesel,Diesel,39.33,25.426,1000.00,,paid by credit card,ปิยะพรเจริญกิจ แม่สาย
2026-09-01,Dmax,ยจ8629,diesel,Diesel,39.33,38.139,1500.00,,,ปิยะพรเจริญกิจ แม่สาย
2026-09-07,Dmax,ยจ8629,diesel,Diesel,40.08,37.425,1500.00,,,ปิยะพรเจริญกิจ แม่สาย
2026-09-15,Dmax,ยจ8629,diesel,Diesel,41.63,43.238,1800.00,171820,dash photo (paired by album order),ปิยะพรเจริญกิจ แม่สาย
2026-09-24,Dmax,ยจ8629,diesel,Diesel,42.38,47.192,2000.00,172210,paid by credit card; dash photo (paired by album order),ปิยะพรเจริญกิจ แม่สาย
